{
  "h3_aucs": [
    0.7252631578947368,
    0.8400937081659974,
    0.9318405623094662,
    0.7676923076923077,
    0.8270303115690766,
    0.9145958812709634,
    0.9100166843973287,
    0.8000226860254085,
    0.8225453060487742,
    0.6887189889218286,
    0.901329146047456,
    0.9008243297318927,
    0.7794093108626732,
    0.8055941904614787,
    0.7925871930021305,
    0.4936024991691248,
    0.8259896750556924,
    0.8701861518762926,
    0.8519301542557356,
    0.9534770429911095,
    0.9783920290979297,
    0.7128881595556678,
    0.8016433934117532,
    0.7821300313622256,
    0.6845134638152094,
    0.7062963698993111,
    0.8738063138973149,
    0.6594199342395839,
    0.7537006237006236,
    0.7109615923745445,
    0.5542031190566755,
    0.7492466919952837,
    0.4021592442645074,
    0.5562242635413367,
    0.9578265676828305,
    0.9457876731405008,
    0.9345742363363508,
    0.7274025047044318
  ],
  "h3_k": [
    1,
    1,
    1,
    1,
    1,
    1,
    1,
    1,
    1,
    1,
    1,
    1,
    1,
    1,
    1,
    1,
    1,
    1,
    1,
    1,
    1,
    1,
    1,
    1,
    1,
    1,
    1,
    1,
    1,
    1,
    1,
    1,
    1,
    1,
    1,
    1,
    1,
    1
  ],
  "fixed_k_aucs": {
    "1": [
      0.7252631578947368,
      0.8400937081659974,
      0.9318405623094662,
      0.7676923076923077,
      0.8270303115690766,
      0.9145958812709634,
      0.9100166843973287,
      0.8000226860254085,
      0.8225453060487742,
      0.6887189889218286,
      0.901329146047456,
      0.9008243297318927,
      0.7794093108626732,
      0.8055941904614787,
      0.7925871930021305,
      0.4936024991691248,
      0.8259896750556924,
      0.8701861518762926,
      0.8519301542557356,
      0.9534770429911095,
      0.9783920290979297,
      0.7128881595556678,
      0.8016433934117532,
      0.7821300313622256,
      0.6845134638152094,
      0.7062963698993111,
      0.8738063138973149,
      0.6594199342395839,
      0.7537006237006236,
      0.7109615923745445,
      0.5542031190566755,
      0.7492466919952837,
      0.4021592442645074,
      0.5562242635413367,
      0.9578265676828305,
      0.9457876731405008,
      0.9345742363363508,
      0.7274025047044318
    ],
    "2": [
      0.7467543859649124,
      0.8433065595716198,
      0.9746992703108415,
      0.7573504273504272,
      0.8426978573899214,
      0.9325567136725935,
      0.9482204957524812,
      0.7979809437386569,
      0.819620639129296,
      0.695818380402559,
      0.9139861692678594,
      0.9318127250900361,
      0.7590522275988654,
      0.8611573775151399,
      0.796416155337317,
      0.4371018806997333,
      0.8434644505285945,
      0.9108309530844741,
      0.8769086210946677,
      0.9470222871757399,
      0.9844081294926824,
      0.717748043423378,
      0.8327015724731603,
      0.7716326232145468,
      0.7030529736265397,
      0.7175245098039216,
      0.8923435569037187,
      0.6807838903338732,
      0.7716632016632017,
      0.7219814107955405,
      0.5848231266641308,
      0.7416481069042316,
      0.45107962213225367,
      0.49640255215168105,
      0.9420312746801454,
      0.9752617820923617,
      0.9592389988865759,
      0.8124067224709622
    ],
    "3": [
      0.7444736842105263,
      0.8400267737617136,
      0.9881370416458136,
      0.7708119658119659,
      0.8748442417664227,
      0.9337829552421827,
      0.9673493715558742,
      0.8052593768905022,
      0.815291954275921,
      0.6978467779684817,
      0.913478619464535,
      0.9544937975190076,
      0.7579398186773458,
      0.8724755579870208,
      0.7975055672151108,
      0.5198440751606563,
      0.8430148744046978,
      0.9231097540956695,
      0.8835643254247906,
      0.9507977103885032,
      0.9853045112133906,
      0.7383867710174198,
      0.8364432271159914,
      0.7765238304164839,
      0.6997027632937857,
      0.7221283783783783,
      0.894927536231884,
      0.6970440529354992,
      0.7842203742203743,
      0.7170645446507515,
      0.6387409661468239,
      0.7379798244464825,
      0.4932523616734143,
      0.5329652925471742,
      0.9579845206128573,
      0.9783900598111939,
      0.9658549966920011,
      0.8059827396015833
    ],
    "4": [
      0.7368421052631579,
      0.8435073627844711,
      0.9925855780022447,
      0.7588461538461537,
      0.8845799679080634,
      0.9336747574566306,
      0.9720124622800294,
      0.8049379915305506,
      0.8139046888383686,
      0.7035418942112655,
      0.9192202766146428,
      0.965266106442577,
      0.7716780688581122,
      0.9288951554866968,
      0.7986510517630849,
      0.48826353240346343,
      0.841910291622335,
      0.9304639022948884,
      0.8852869783102342,
      0.9444647424187066,
      0.9846149868128458,
      0.7582681141125979,
      0.8368834217798539,
      0.7739563528819122,
      0.6974105141187434,
      0.7219462109167992,
      0.899814627569936,
      0.702164204740639,
      0.7858835758835758,
      0.7178840223415497,
      0.6679345758843667,
      0.7400323158216515,
      0.4989878542510121,
      0.5514276664102448,
      0.9666719317643342,
      0.9809748934572718,
      0.9683884397540785,
      0.7976769839724871
    ],
    "5": [
      0.7203508771929825,
      0.8398259705488622,
      0.9980458828046548,
      0.763974358974359,
      0.8927827300227431,
      0.9366682295235691,
      0.9724561967410024,
      0.8018186630369025,
      0.8138032874547352,
      0.702683726010298,
      0.9220752442583429,
      0.9689635854341736,
      0.7777963179264699,
      0.9553607223799091,
      0.8019593393037376,
      0.4724496397625948,
      0.8393824114352638,
      0.9281985620013788,
      0.8782397619606922,
      0.9393496529046401,
      0.984511558152764,
      0.7512623074981065,
      0.8347069037196448,
      0.7728676124083915,
      0.6954709186629386,
      0.7187665606783255,
      0.9019211324570273,
      0.6990070504326773,
      0.7878170478170478,
      0.7184662828060641,
      0.6550969950551541,
      0.7292458185946985,
      0.45074224021592446,
      0.54178922123173,
      0.9691991786447638,
      0.9845345129310227,
      0.97079279017605,
      0.8054636298747648
    ],
    "6": [
      0.7014912280701755,
      0.8379518072289156,
      0.9977239500265818,
      0.7643162393162393,
      0.8947291717077631,
      0.9379666029501929,
      0.9717171247008767,
      0.7996256805807621,
      0.8130372182261452,
      0.701474488999844,
      0.9229951782768684,
      0.9710764305722288,
      0.777073252127482,
      0.9603876035571606,
      0.8072141495378009,
      0.4719038797296189,
      0.8400825646542703,
      0.9236022193768673,
      0.8709576383994988,
      0.9395932285957862,
      0.9844081294926824,
      0.7383867710174198,
      0.8353427404563352,
      0.7620289572466241,
      0.6939091664777449,
      0.7326940911499735,
      0.9014436580159533,
      0.6873599319494201,
      0.7865488565488566,
      0.7144335899592416,
      0.6349372384937239,
      0.7217782435914232,
      0.3802294197031039,
      0.5209737997194444,
      0.9684094139946295,
      0.9874965804102379,
      0.9703248293556664,
      0.8015054182077737
    ]
  },
  "per_dataset": {
    "blood-transfusion-service-center": {
      "fixed": {
        "1": 0.7252631578947368,
        "2": 0.7467543859649124,
        "3": 0.7444736842105263,
        "4": 0.7368421052631579,
        "5": 0.7203508771929825,
        "6": 0.7014912280701755
      },
      "h3": 0.7252631578947368,
      "k_used": 1
    },
    "diabetes": {
      "fixed": {
        "1": 0.8400937081659974,
        "2": 0.8433065595716198,
        "3": 0.8400267737617136,
        "4": 0.8435073627844711,
        "5": 0.8398259705488622,
        "6": 0.8379518072289156
      },
      "h3": 0.8400937081659974,
      "k_used": 1
    },
    "anneal": {
      "fixed": {
        "1": 0.9318405623094662,
        "2": 0.9746992703108415,