{
  "act_aucs": [
    0.6542105263157895,
    0.8409638554216867,
    0.9920301260694027,
    0.7821794871794872,
    0.8735345023106316,
    0.9415010639448913,
    0.9689812884543048,
    0.8089458560193585,
    0.8332692287302863,
    0.705765330004681,
    0.9202988199467073,
    0.9697318927571028,
    0.7729017186717838,
    0.9699119767027841,
    0.8005334914048605,
    0.5548958772512621,
    0.8422535677620934,
    0.9444499162809021,
    0.8633623052227704,
    0.9296066252587991,
    0.9828222233714295,
    0.7254481191618278,
    0.8287887310166051,
    0.7749475942085506,
    0.7125746240459457,
    0.6978835453100158,
    0.8991124592742388,
    0.734520946819126,
    0.7874636174636174,
    0.7160509801384487,
    0.6415937618866489,
    0.7361893532468666,
    0.4558029689608637,
    0.5818815331010453,
    0.9744116253356501,
    0.9855754917846263,
    0.9759887689403108,
    0.8151969372526119
  ],
  "base_k4_aucs": [
    0.659298245614035,
    0.8139223560910308,
    0.9940572057896621,
    0.761965811965812,
    0.8573366292988034,
    0.9288599559995672,
    0.9633809762600528,
    0.793160163339383,
    0.7744700225990946,
    0.6619987517553441,
    0.904311001141987,
    0.9667226890756302,
    0.7289615662717615,
    0.9372297934237692,
    0.7914657395985197,
    0.575910213702377,
    0.8195848961436604,
    0.9389999671689813,
    0.7880353926865554,
    0.9125563268785776,
    0.9785988864180931,
    0.6670663973744004,
    0.8371768848890954,
    0.7322917174474722,
    0.6844630847124612,
    0.7156200317965025,
    0.8800134816312774,
    0.7291717786393155,
    0.7851143451143451,
    0.6759289210929245,
    0.648250285279574,
    0.6831302676972794,
    0.6140350877192983,
    0.4842300556586271,
    0.9603538145632602,
    0.9741619894007562,
    0.9661615917122525,
    0.7786645902277595
  ],
  "ref_k4_aucs": [
    0.7261403508771931,
    0.8475234270414994,
    0.9948463816884869,
    0.7518803418803419,
    0.8867142989247528,
    0.938976448948678,
    0.9780563477049279,
    0.804162885662432,
    0.8133340798810409,
    0.7065844905601498,
    0.9173804085775916,
    0.9608003201280512,
    0.7839701874409033,
    0.9665917305768863,
    0.7974254634005672,
    0.5204202635211197,
    0.8412812548790191,
    0.941166814406251,
    0.9049408816850677,
    0.9331384727804165,
    0.9818913654306941,
    0.7506311537490533,
    0.8352938299381282,
    0.7774988218853085,
    0.7080405047986096,
    0.7182697403285638,
    0.8933546792495226,
    0.7053377173610771,
    0.7913721413721413,
    0.7186388044251796,
    0.6430201597565615,
    0.7309926197650551,
    0.45445344129554655,
    0.5933300149328025,
    0.9774127310061602,
    0.9902705861583166,
    0.9691468590147003,
    0.8050094088637986
  ],
  "act_mean_k": [
    1.3111732006072998,
    1.2293354272842407,
    1.400651454925537,
    1.21415114402771,
    1.5023305416107178,
    1.2270429134368896,
    1.4158023595809937,
    1.2414779663085938,
    1.3819581270217896,
    1.1853870153427124,
    1.1929266452789307,
    1.2524079084396362,
    1.1598808765411377,
    1.413467288017273,
    1.1826218366622925,
    1.1140360832214355,
    1.3497382402420044,
    1.2303123474121094,
    1.2161964178085327,
    1.1714597940444946,
    1.199384093284607,
    1.1457074880599976,
    1.2353795766830444,
    1.1936142444610596,
    1.1509294509887695,
    1.2669768333435059,
    1.2186708450317383,
    1.1706626415252686,
    1.2294528484344482,
    1.1893484592437744,
    1.1537107229232788,
    1.193872094154358,
    1.1362459659576416,
    1.0698057413101196,
    1.1741359233856201,
    1.4306062459945679,
    1.2580112218856812,
    1.216450572013855
  ],
  "per_dataset": {
    "blood-transfusion-service-center": {
      "act": 0.6542105263157895,
      "base_k4": 0.659298245614035,
      "ref_k4": 0.7261403508771931,
      "mean_k": 1.3111732006072998
    },
    "diabetes": {
      "act": 0.8409638554216867,
      "base_k4": 0.8139223560910308,
      "ref_k4": 0.8475234270414994,
      "mean_k": 1.2293354272842407
    },
    "anneal": {
      "act": 0.9920301260694027,
      "base_k4": 0.9940572057896621,
      "ref_k4": 0.9948463816884869,
      "mean_k": 1.400651454925537
    },
    "credit-g": {
      "act": 0.7821794871794872,
      "base_k4": 0.761965811965812,
      "ref_k4": 0.7518803418803419,
      "mean_k": 1.21415114402771
    },
    "maternal_health_risk": {
      "act": 0.8735345023106316,
      "base_k4": 0.8573366292988034,
      "ref_k4": 0.8867142989247528,
      "mean_k": 1.5023305416107178
    },
    "qsar-biodeg": {
      "act": 0.9415010639448913,
      "base_k4": 0.9288599559995672,
      "ref_k4": 0.938976448948678,
      "mean_k": 1.2270429134368896
    },
    "website_phishing": {
      "act": 0.9689812884543048,
      "base_k4": 0.9633809762600528,
      "ref_k4": 0.9780563477049279,
      "mean_k": 1.4158023595809937
    },
    "Fitness_Club": {
      "act": 0.8089458560193585,
      "base_k4": 0.793160163339383,
      "ref_k4": 0.804162885662432,
      "mean_k": 1.2414779663085938
    },
    "MIC": {
      "act": 0.8332692287302863,
      "base_k4": 0.7744700225990946,
      "ref_k4": 0.8133340798810409,
      "mean_k": 1.3819581270217896
    },
    "Is-this-a-good-customer": {
      "act": 0.705765330004681,
      "base_k4": 0.6619987517553441,
      "ref_k4": 0.7065844905601498,
      "mean_k": 1.1853870153427124
    },
    "Marketing_Campaign": {
      "act": 0.9202988199467073,
      "base_k4": 0.904311001141987,
      "ref_k4": 0.9173804085775916,
      "mean_k": 1.1929266452789307
    },
    "hazelnut-spread-contaminant-detection": {
      "act": 0.9697318927571028,
      "base_k4": 0.9667226890756302,
      "ref_k4": 0.9608003201280512,
      "mean_k": 1.2524079084396362
    },
    "seismic-bumps": {
      "act": 0.7729017186717838,
      "base_k4": 0.7289615662717615,
      "ref_k4": 0.7839701874409033,
      "mean_k": 1.1598808765411377
    },
    "splice": {
      "act": 0.9699119767027841,
      "base_k4": 0.9372297934237692,
      "ref_k4": 0.9665917305768863,
      "mean_k": 1.413467288017273
    },
    "Bioresponse": {
      "act": 0.8005334914048605,
      "base_k4": 0.7914657395985197,
      "ref_k4": 0.7974254634005672,
      "mean_k": 1.1826218366622925
    },
    "hiva_agnostic": {
      "act": 0.5548958772512621,
      "base_k4": 0.575910213702377,
      "ref_k4": 0.5204202635211197,
      "mean_k": 1.1140360832214355
    },
    "students_dropout_and_academic_success": {
      "act": 0.8422535677620934,
      "base_k4": 0.8195848961436604,
      "ref_k4": 0.8412812548790191,
      "mean_k": 1.3497382402420044
    },
    "churn": {
      "act": 0.9444499162809021,
      "base_k4": 0.9389999671689813,
      "ref_k4": 0.941166814406251,
      "mean_k": 1.2303123474121094
    },
    "polish_companies_bankruptcy": {
      "act": 0.8633623052227704,
      "base_k4": 0.7880353926865554,
      "ref_k4": 0.9049408816850677,
      "mean_k": 1.2161964178085327
    },
    "taiwanese_bankruptcy_prediction": {
      "act": 0.9296066252587991,
      "base_k4": 0.9125563268785776,
      "ref_k4": 0.9331384727804165,
      "mean_k": 1.1714597940444946
    },
    "NATICUSdroid": {
      "act": 0.9828222233714295,
      "base_k4": 0.9785988864180931,
      "ref_k4": 0.9818913654306941,
      "mean_k": 1.199384093284607
    },
    "coil2000_insurance_policies": {
      "act": 0.7254481191618278,
      "base_k4": 0.6670663973744004,
      "ref_k4": 0.7506311537490533,
      "mean_k": 1.1457074880599976
    },
    "Bank_Customer_Churn": {
      "act": 0.8287887310166051,
      "base_k4": 0.8371768848890954,
      "ref_k4": 0.8352938299381282,
      "mean_k": 1.2353795766830444
    },
    "heloc": {
      "act": 0.7749475942085506,
      "base_k4": 0.7322917174474722,
      "ref_k4": 0.7774988218853085,
      "mean_k": 1.1936142444610596
    },
    "jm1": {
      "act": 0.7125746240459457,