{
  "act_aucs": [
    0.7418421052631579,
    0.8384872824631862,
    0.9919141010408504,
    0.7657264957264958,
    0.8523770483832204,
    0.9332059003859055,
    0.9650572685878894,
    0.8104204476709014,
    0.8214919472546385,
    0.7150491496333281,
    0.9191251110265194,
    0.9571988795518208,
    0.7913120863229323,
    0.9555815084047831,
    0.7875726942116983,
    0.4871335271190151,
    0.8441865136324344,
    0.9261958698578417,
    0.9061154177433248,
    0.9286323224942151,
    0.98325317612177,
    0.7342211562736682,
    0.8283240810936392,
    0.7818375339215782,
    0.7010378095166124,
    0.7221614997350292,
    0.8969497809234918,
    0.6972894276226466,
    0.7831392931392932,
    0.7281921890836945,
    0.5756941802966907,
    0.7326520808768943,
    0.4132928475033738,
    0.4917869586859133,
    0.9688832727847102,
    0.9794853253425798,
    0.9681141178938536,
    0.8038414119784569
  ],
  "base_k4_aucs": [
    0.3363157894736842,
    0.6027443105756358,
    0.9957442077711148,
    0.418931623931624,
    0.8237540068484396,
    0.8984383452951996,
    0.932111743459611,
    0.3620311554748941,
    0.775795497679727,
    0.4026759244811983,
    0.7693979190458063,
    0.9364145658263305,
    0.6193892875020858,
    0.934657216993369,
    0.374397218795559,
    0.45324470612416573,
    0.7414711241229641,
    0.7881250205193867,
    0.8231148696264975,
    0.9030568749238826,
    0.7984778748857975,
    0.6173314819490028,
    0.7280086082512044,
    0.4025008531175352,
    0.5692208871759994,
    0.6032889507154213,
    0.8254690484215258,
    0.3634162699775891,
    0.5274844074844075,
    0.5302451963511677,
    0.41821985545834917,
    0.5598061050700903,
    0.45546558704453444,
    0.4980315851395991,
    0.8824830200600222,
    0.948657919920915,
    0.9257555953591196,
    0.7652326260463305
  ],
  "ref_k4_aucs": [
    0.7261403508771931,
    0.8475234270414994,
    0.9948463816884869,
    0.7518803418803419,
    0.8867142989247528,
    0.938976448948678,
    0.9780563477049279,
    0.804162885662432,
    0.8133340798810409,
    0.7065844905601498,
    0.9173804085775916,
    0.9608003201280512,
    0.7839701874409033,
    0.9665917305768863,
    0.7974254634005672,
    0.5204202635211197,
    0.8412812548790191,
    0.941166814406251,
    0.9049408816850677,
    0.9331384727804165,
    0.9818913654306941,
    0.7506311537490533,
    0.8352938299381282,
    0.7774988218853085,
    0.7080405047986096,
    0.7182697403285638,
    0.8933546792495226,
    0.7053377173610771,
    0.7913721413721413,
    0.7186388044251796,
    0.6430201597565615,
    0.7309926197650551,
    0.45445344129554655,
    0.5933300149328025,
    0.9774127310061602,
    0.9902705861583166,
    0.9691468590147003,
    0.8050094088637986
  ],
  "act_mean_k": [
    1.048649549484253,
    1.0341936349868774,
    1.1081020832061768,
    1.0315136909484863,
    1.1092650890350342,
    1.0442410707473755,
    1.0820881128311157,
    1.0443286895751953,
    1.091442584991455,
    1.0263322591781616,
    1.0295441150665283,
    1.056531310081482,
    1.0220612287521362,
    1.1385174989700317,
    1.032127022743225,
    1.0216896533966064,
    1.095394492149353,
    1.0394762754440308,
    1.034627914428711,
    1.026442050933838,
    1.0474059581756592,
    1.0158199071884155,
    1.0425165891647339,
    1.0282325744628906,
    1.0192930698394775,
    1.0433470010757446,
    1.0340619087219238,
    1.0111846923828125,
    1.034307599067688,
    1.0271775722503662,
    1.01626455783844,
    1.0240236520767212,
    1.0144784450531006,
    1.0115870237350464,
    1.0229966640472412,
    1.108144760131836,
    1.0515193939208984,
    1.02992844581604
  ],
  "per_dataset": {
    "blood-transfusion-service-center": {
      "act": 0.7418421052631579,
      "base_k4": 0.3363157894736842,
      "ref_k4": 0.7261403508771931,
      "mean_k": 1.048649549484253
    },
    "diabetes": {
      "act": 0.8384872824631862,
      "base_k4": 0.6027443105756358,
      "ref_k4": 0.8475234270414994,
      "mean_k": 1.0341936349868774
    },
    "anneal": {
      "act": 0.9919141010408504,
      "base_k4": 0.9957442077711148,
      "ref_k4": 0.9948463816884869,
      "mean_k": 1.1081020832061768
    },
    "credit-g": {
      "act": 0.7657264957264958,
      "base_k4": 0.418931623931624,
      "ref_k4": 0.7518803418803419,
      "mean_k": 1.0315136909484863
    },
    "maternal_health_risk": {
      "act": 0.8523770483832204,
      "base_k4": 0.8237540068484396,
      "ref_k4": 0.8867142989247528,
      "mean_k": 1.1092650890350342
    },
    "qsar-biodeg": {
      "act": 0.9332059003859055,
      "base_k4": 0.8984383452951996,
      "ref_k4": 0.938976448948678,
      "mean_k": 1.0442410707473755
    },
    "website_phishing": {
      "act": 0.9650572685878894,
      "base_k4": 0.932111743459611,
      "ref_k4": 0.9780563477049279,
      "mean_k": 1.0820881128311157
    },
    "Fitness_Club": {
      "act": 0.8104204476709014,
      "base_k4": 0.3620311554748941,
      "ref_k4": 0.804162885662432,
      "mean_k": 1.0443286895751953
    },
    "MIC": {
      "act": 0.8214919472546385,
      "base_k4": 0.775795497679727,
      "ref_k4": 0.8133340798810409,
      "mean_k": 1.091442584991455
    },
    "Is-this-a-good-customer": {
      "act": 0.7150491496333281,
      "base_k4": 0.4026759244811983,
      "ref_k4": 0.7065844905601498,
      "mean_k": 1.0263322591781616
    },
    "Marketing_Campaign": {
      "act": 0.9191251110265194,
      "base_k4": 0.7693979190458063,
      "ref_k4": 0.9173804085775916,
      "mean_k": 1.0295441150665283
    },
    "hazelnut-spread-contaminant-detection": {
      "act": 0.9571988795518208,
      "base_k4": 0.9364145658263305,
      "ref_k4": 0.9608003201280512,
      "mean_k": 1.056531310081482
    },
    "seismic-bumps": {
      "act": 0.7913120863229323,
      "base_k4": 0.6193892875020858,
      "ref_k4": 0.7839701874409033,
      "mean_k": 1.0220612287521362
    },
    "splice": {
      "act": 0.9555815084047831,
      "base_k4": 0.934657216993369,
      "ref_k4": 0.9665917305768863,
      "mean_k": 1.1385174989700317
    },
    "Bioresponse": {
      "act": 0.7875726942116983,
      "base_k4": 0.374397218795559,
      "ref_k4": 0.7974254634005672,
      "mean_k": 1.032127022743225
    },
    "hiva_agnostic": {
      "act": 0.4871335271190151,
      "base_k4": 0.45324470612416573,
      "ref_k4": 0.5204202635211197,
      "mean_k": 1.0216896533966064
    },
    "students_dropout_and_academic_success": {
      "act": 0.8441865136324344,
      "base_k4": 0.7414711241229641,
      "ref_k4": 0.8412812548790191,
      "mean_k": 1.095394492149353
    },
    "churn": {
      "act": 0.9261958698578417,
      "base_k4": 0.7881250205193867,
      "ref_k4": 0.941166814406251,
      "mean_k": 1.0394762754440308
    },
    "polish_companies_bankruptcy": {
      "act": 0.9061154177433248,
      "base_k4": 0.8231148696264975,
      "ref_k4": 0.9049408816850677,
      "mean_k": 1.034627914428711
    },
    "taiwanese_bankruptcy_prediction": {
      "act": 0.9286323224942151,
      "base_k4": 0.9030568749238826,
      "ref_k4": 0.9331384727804165,
      "mean_k": 1.026442050933838
    },
    "NATICUSdroid": {
      "act": 0.98325317612177,
      "base_k4": 0.7984778748857975,
      "ref_k4": 0.9818913654306941,
      "mean_k": 1.0474059581756592
    },
    "coil2000_insurance_policies": {
      "act": 0.7342211562736682,
      "base_k4": 0.6173314819490028,
      "ref_k4": 0.7506311537490533,
      "mean_k": 1.0158199071884155
    },
    "Bank_Customer_Churn": {
      "act": 0.8283240810936392,
      "base_k4": 0.7280086082512044,
      "ref_k4": 0.8352938299381282,
      "mean_k": 1.0425165891647339
    },
    "heloc": {
      "act": 0.7818375339215782,
      "base_k4": 0.4025008531175352,
      "ref_k4": 0.7774988218853085,
      "mean_k": 1.0282325744628906
    },
    "jm1": {
      "act": 0.7010378095166124,
      "base_k4": 0.5692208871759994,