{
 "c1_base": {
  "blood-transfusion-service-center": [
   0.652,
   0.642719298245614
  ],
  "diabetes": [
   0.796875,
   0.8448460508701473
  ],
  "anneal": [
   0.9666666666666667,
   0.9874575432689469
  ],
  "credit-g": [
   0.7395209580838323,
   0.7523504273504273
  ],
  "maternal_health_risk": [
   0.7218934911242604,
   0.8830046322133779
  ],
  "qsar-biodeg": [
   0.8664772727272727,
   0.9326288455296282
  ],
  "website_phishing": [
   0.8736141906873615,
   0.968258917200511
  ],
  "Fitness_Club": [
   0.764,
   0.7971869328493648
  ],
  "MIC": [
   0.878,
   0.8312417987257679
  ],
  "Is-this-a-good-customer": [
   0.866,
   0.6933608987361523
  ],
  "Marketing_Campaign": [
   0.9,
   0.9328923994416952
  ],
  "hazelnut-spread-contaminant-detection": [
   0.884,
   0.9457382953181273
  ],
  "seismic-bumps": [
   0.922,
   0.7715112075198842
  ],
  "splice": [
   0.832,
   0.9474290418219143
  ],
  "Bioresponse": [
   0.762,
   0.796544321440587
  ],
  "hiva_agnostic": [
   0.96,
   0.5291542387049111
  ],
  "students_dropout_and_academic_success": [
   0.738,
   0.8457660571566444
  ],
  "churn": [
   0.906,
   0.93430513148823
  ],
  "polish_companies_bankruptcy": [
   0.948,
   0.8880275624461671
  ],
  "taiwanese_bankruptcy_prediction": [
   0.97,
   0.9352088661551576
  ],
  "NATICUSdroid": [
   0.948,
   0.9847184154729275
  ],
  "coil2000_insurance_policies": [
   0.932,
   0.740343347639485
  ],
  "Bank_Customer_Churn": [
   0.82,
   0.8351226431244039
  ],
  "heloc": [
   0.7,
   0.7667089162969825
  ],
  "jm1": [
   0.81,
   0.7051940854933374
  ],
  "E-CommereShippingData": [
   0.656,
   0.7240162957074722
  ],
  "online_shoppers_intention": [
   0.878,
   0.8943377148634984
  ],
  "in_vehicle_coupon_recommendation": [
   0.658,
   0.6872863195432759
  ],
  "HR_Analytics_Job_Change_of_Data_Scientists": [
   0.794,
   0.7834927234927235
  ],
  "credit_card_clients_default": [
   0.772,
   0.7181428047702227
  ],
  "Amazon_employee_access": [
   0.956,
   0.5810193990110308
  ],
  "bank-marketing": [
   0.9,
   0.739202585265732
  ],
  "kddcup09_appetency": [
   0.988,
   0.4308367071524966
  ],
  "Diabetes130US": [
   0.902,
   0.5700710439386397
  ],
  "APSFailure": [
   0.98,
   0.9164429000157953
  ],
  "SDSS17": [
   0.944,
   0.9866547104987035
  ],
  "customer_satisfaction_in_airline": [
   0.9,
   0.9659195430120541
  ],
  "GiveMeSomeCredit": [
   0.94,
   0.7892414509116865
  ]
 },
 "c2_loop": {
  "blood-transfusion-service-center": [
   0.772,
   0.7246491228070174
  ],
  "diabetes": [
   0.75,
   0.8392235609103079
  ],
  "anneal": [
   0.98,
   0.985078242095786
  ],
  "credit-g": [
   0.7305389221556886,
   0.7661538461538462
  ],
  "maternal_health_risk": [
   0.742603550295858,
   0.8571336472905119
  ],
  "qsar-biodeg": [
   0.8778409090909091,
   0.9309337468893136
  ],
  "website_phishing": [
   0.8580931263858093,
   0.9423933734379114
  ],
  "Fitness_Club": [
   0.78,
   0.8051081367211131
  ],
  "MIC": [
   0.876,
   0.8167496309894109
  ],
  "Is-this-a-good-customer": [
   0.884,
   0.7230847246060228
  ],
  "Marketing_Campaign": [
   0.906,
   0.9221704098464663
  ],
  "hazelnut-spread-contaminant-detection": [
   0.878,
   0.9542216886754702
  ],
  "seismic-bumps": [
   0.922,
   0.7934256632738194
  ],
  "splice": [
   0.858,
   0.9601499633759828
  ],
  "Bioresponse": [
   0.762,
   0.8018632147262853
  ],
  "hiva_agnostic": [
   0.96,
   0.5051996938338777
  ],
  "students_dropout_and_academic_success": [
   0.74,
   0.8454856205425108
  ],
  "churn": [
   0.912,
   0.9251781082766998
  ],
  "polish_companies_bankruptcy": [
   0.946,
   0.8822331845587659
  ],
  "taiwanese_bankruptcy_prediction": [
   0.974,
   0.9386189258312021
  ],
  "NATICUSdroid": [
   0.908,
   0.9788402199582837
  ],
  "coil2000_insurance_policies": [
   0.932,
   0.7205251199192124
  ],
  "Bank_Customer_Churn": [
   0.836,
   0.8224303636497029
  ],
  "heloc": [
   0.7,
   0.7793513056760752
  ],
  "jm1": [
   0.816,
   0.7046147258117332
  ],
  "E-CommereShippingData": [
   0.656,
   0.724960254372019
  ],
  "online_shoppers_intention": [
   0.88,
   0.8911358274351197
  ],
  "in_vehicle_coupon_recommendation": [
   0.68,
   0.7224648705239568
  ],
  "HR_Analytics_Job_Change_of_Data_Scientists": [
   0.782,
   0.7845530145530146
  ],
  "credit_card_clients_default": [
   0.774,
   0.7297664488581226
  ],
  "Amazon_employee_access": [
   0.956,
   0.6027957398250284
  ],
  "bank-marketing": [
   0.898,
   0.7348355823398401
  ],
  "kddcup09_appetency": [
   0.988,
   0.5226045883940621
  ],
  "Diabetes130US": [
   0.902,
   0.553916466808453
  ],
  "APSFailure": [
   0.978,
   0.9635128731637972
  ],
  "SDSS17": [
   0.938,
   0.988187263713276
  ],
  "customer_satisfaction_in_airline": [
   0.882,
   0.9654515821916703
  ],
  "GiveMeSomeCredit": [
   0.942,
   0.8146778275257933
  ]
 },
 "c3_deep": {
  "blood-transfusion-service-center": [
   0.8,
   0.7437719298245614
  ],
  "diabetes": [
   0.7890625,
   0.8458500669344042
  ],
  "anneal": [
   0.97,
   0.9943821856644643
  ],
  "credit-g": [
   0.7544910179640718,
   0.7686752136752136
  ],
  "maternal_health_risk": [
   0.7071005917159763,
   0.8680049340864833
  ],
  "qsar-biodeg": [
   0.8636363636363636,
   0.9286976593212393
  ],
  "website_phishing": [
   0.8669623059866962,
   0.9463236868050807
  ],
  "Fitness_Club": [
   0.78,
   0.8065638233514821
  ],
  "MIC": [
   0.878,
   0.8168626701599063
  ],
  "Is-this-a-good-customer": [
   0.884,
   0.7044780777032299
  ],
  "Marketing_Campaign": [
   0.9,
   0.9236930592564395
  ],
  "hazelnut-spread-contaminant-detection": [
   0.886,
   0.9522529011604642
  ],
  "seismic-bumps": [
   0.922,
   0.7869736915290061
  ],
  "splice": [
   0.804,
   0.9513630315496369
  ],
  "Bioresponse": [
   0.738,
   0.7936605841170157
  ],
  "hiva_agnostic": [
   0.96,
   0.5162382258630426
  ],
  "students_dropout_and_academic_success": [
   0.734,
   0.8410618946813991
  ],
  "churn": [
   0.912,
   0.9347647657506812
  ],
  "polish_companies_bankruptcy": [
   0.944,
   0.8848954662908151
  ],
  "taiwanese_bankruptcy_prediction": [
   0.974,
   0.9360613810741687
  ],
  "NATICUSdroid": [
   0.932,
   0.9823223181810345
  ],
  "coil2000_insurance_policies": [
   0.932,
   0.747854077253219
  ],
  "Bank_Customer_Churn": [
   0.832,
   0.8321391015137806
  ],
  "heloc": [
   0.704,
   0.7821787809356667
  ],
  "jm1": [
   0.812,
   0.6971082395022545
  ],
  "E-CommereShippingData": [
   0.686,
   0.7236519607843137
  ],
  "online_shoppers_intention": [
   0.884,
   0.8880743736658802
  ],
  "in_vehicle_coupon_recommendation": [
   0.69,
   0.7399682648737957
  ],
  "HR_Analytics_Job_Change_of_Data_Scientists": [
   0.772,
   0.7944594594594595
  ],
  "credit_card_clients_default": [
   0.77,
   0.7251299303443963
  ],
  "Amazon_employee_access": [
   0.956,
   0.5193990110308101
  ],
  "bank-marketing": [
   0.9,
   0.7376741342416698
  ],
  "kddcup09_appetency": [
   0.988,
   0.4979757085020243
  ],
  "Diabetes130US": [
   0.902,
   0.4404271686501652
  ],
  "APSFailure": [
   0.974,
   0.9660401200442268
  ],
  "SDSS17": [
   0.934,
   0.9894285691960798
  ],
  "customer_satisfaction_in_airline": [
   0.894,
   0.96445111423085
  ],
  "GiveMeSomeCredit": [
   0.944,
   0.8155213808318733
  ]
 },
 "catboost": {
  "blood-transfusion-service-center": [
   0.744,
   0.6382456140350878
  ],
  "diabetes": [
   0.75390625,
   0.8362784471218205
  ],
  "anneal": [
   0.99,
   0.996689632654545
  ],
  "credit-g": [
   0.7485029940119761,
   0.763888888888889
  ],
  "maternal_health_risk": [
   0.8402366863905325,
   0.9427784679872425
  ],
  "qsar-biodeg": [
   0.8664772727272727,
   0.9311501424604176
  ],
  "website_phishing": [
   0.9046563192904656,
   0.9780846111190636
  ],
  "Fitness_Club": [
   0.752,
   0.7795863581367211
  ],
  "MIC": [
   0.882,
   0.812801567689763
  ],