{
 "fix_k1": {
  "blood-transfusion-service-center": 0.7046491228070175,
  "diabetes": 0.837483266398929,
  "anneal": 0.7302754158305023,
  "credit-g": 0.7444017094017094,
  "maternal_health_risk": 0.7889284484418475,
  "qsar-biodeg": 0.9186352652649042,
  "website_phishing": 0.8547708539680516,
  "Fitness_Club": 0.7928009679370842,
  "MIC": 0.7946599549542422,
  "Is-this-a-good-customer": 0.7024106724918083,
  "Marketing_Campaign": 0.8943820581144525,
  "hazelnut-spread-contaminant-detection": 0.9203521408563425,
  "seismic-bumps": 0.7895878524945771,
  "splice": 0.8334248502573307,
  "Bioresponse": 0.7952145981191624,
  "hiva_agnostic": 0.5713596317188842,
  "students_dropout_and_academic_success": 0.7543295962642883,
  "churn": 0.9038379460914673,
  "polish_companies_bankruptcy": 0.8585858585858586,
  "taiwanese_bankruptcy_prediction": 0.9345999269272927,
  "NATICUSdroid": 0.9793056489286516,
  "coil2000_insurance_policies": 0.6572835142640747,
  "Bank_Customer_Churn": 0.8352938299381282,
  "heloc": 0.7743463494694421,
  "jm1": 0.6980402529030958,
  "E-CommereShippingData": 0.6949357445680975,
  "online_shoppers_intention": 0.886894730929109,
  "in_vehicle_coupon_recommendation": 0.6805221573342495,
  "HR_Analytics_Job_Change_of_Data_Scientists": 0.7823284823284823,
  "credit_card_clients_default": 0.7201699337948286,
  "Amazon_employee_access": 0.5110308101939901,
  "bank-marketing": 0.7172365605484956,
  "kddcup09_appetency": 0.5199055330634278,
  "Diabetes130US": 0.5051812299199059,
  "APSFailure": 0.9635128731637972,
  "SDSS17": 0.9627044048431754,
  "customer_satisfaction_in_airline": 0.9457004082554744,
  "GiveMeSomeCredit": 0.7857374602556615
 },
 "fix_k2": {
  "blood-transfusion-service-center": 0.7246491228070174,
  "diabetes": 0.8392235609103079,
  "anneal": 0.985078242095786,
  "credit-g": 0.7661538461538462,
  "maternal_health_risk": 0.8571336472905119,
  "qsar-biodeg": 0.9309337468893136,
  "website_phishing": 0.9423933734379114,
  "Fitness_Club": 0.8051081367211131,
  "MIC": 0.8167496309894109,
  "Is-this-a-good-customer": 0.7230847246060228,
  "Marketing_Campaign": 0.9221704098464663,
  "hazelnut-spread-contaminant-detection": 0.9542216886754702,
  "seismic-bumps": 0.7934256632738194,
  "splice": 0.9601499633759828,
  "Bioresponse": 0.8018632147262853,
  "hiva_agnostic": 0.5051996938338777,
  "students_dropout_and_academic_success": 0.8454856205425108,
  "churn": 0.9251781082766998,
  "polish_companies_bankruptcy": 0.8822331845587659,
  "taiwanese_bankruptcy_prediction": 0.9386189258312021,
  "NATICUSdroid": 0.9788402199582837,
  "coil2000_insurance_policies": 0.7205251199192124,
  "Bank_Customer_Churn": 0.8224303636497029,
  "heloc": 0.7793513056760752,
  "jm1": 0.7046147258117332,
  "E-CommereShippingData": 0.724960254372019,
  "online_shoppers_intention": 0.8911358274351197,
  "in_vehicle_coupon_recommendation": 0.7224648705239568,
  "HR_Analytics_Job_Change_of_Data_Scientists": 0.7845530145530146,
  "credit_card_clients_default": 0.7297664488581226,
  "Amazon_employee_access": 0.6027957398250284,
  "bank-marketing": 0.7348355823398401,
  "kddcup09_appetency": 0.5226045883940621,
  "Diabetes130US": 0.553916466808453,
  "APSFailure": 0.9635128731637972,
  "SDSS17": 0.988187263713276,
  "customer_satisfaction_in_airline": 0.9654515821916703,
  "GiveMeSomeCredit": 0.8146778275257933
 },
 "fix_k3": {
  "blood-transfusion-service-center": 0.7078070175438597,
  "diabetes": 0.8154618473895582,
  "anneal": 0.5751812764862083,
  "credit-g": 0.7578632478632479,
  "maternal_health_risk": 0.7688088391233886,
  "qsar-biodeg": 0.9311862083889351,
  "website_phishing": 0.9002081759597047,
  "Fitness_Club": 0.7861842105263158,
  "MIC": 0.7889585372987554,
  "Is-this-a-good-customer": 0.7076376969886098,
  "Marketing_Campaign": 0.9082445121177516,
  "hazelnut-spread-contaminant-detection": 0.9616326530612245,
  "seismic-bumps": 0.7795205517548252,
  "splice": 0.9263719159108166,
  "Bioresponse": 0.7606417917621237,
  "hiva_agnostic": 0.4057757419929348,
  "students_dropout_and_academic_success": 0.7489979362675546,
  "churn": 0.9324665944384255,
  "polish_companies_bankruptcy": 0.8567849032965311,
  "taiwanese_bankruptcy_prediction": 0.9361831689197417,
  "NATICUSdroid": 0.971789832962714,
  "coil2000_insurance_policies": 0.7443196162585206,
  "Bank_Customer_Churn": 0.8254872710376365,
  "heloc": 0.7517752969661515,
  "jm1": 0.6718934985767904,
  "E-CommereShippingData": 0.7091613672496025,
  "online_shoppers_intention": 0.8834962363779351,
  "in_vehicle_coupon_recommendation": 0.7267998233302253,
  "HR_Analytics_Job_Change_of_Data_Scientists": 0.8045114345114346,
  "credit_card_clients_default": 0.6646395376420609,
  "Amazon_employee_access": 0.6733548877900343,
  "bank-marketing": 0.657801650727106,
  "kddcup09_appetency": 0.381578947368421,
  "Diabetes130US": 0.5807050092764379,
  "APSFailure": 0.9448744274206287,
  "SDSS17": 0.9150288696816272,
  "customer_satisfaction_in_airline": 0.9677752497135758,
  "GiveMeSomeCredit": 0.7869054571410031
 },
 "fix_k4": {
  "blood-transfusion-service-center": 0.6928947368421052,
  "diabetes": 0.7587684069611781,
  "anneal": 0.8337229433049436,
  "credit-g": 0.7385042735042735,
  "maternal_health_risk": 0.7642979810529922,
  "qsar-biodeg": 0.9056515309986656,
  "website_phishing": 0.8554415058201865,
  "Fitness_Club": 0.7435722928009679,
  "MIC": 0.7675231483516151,
  "Is-this-a-good-customer": 0.6732329536589171,
  "Marketing_Campaign": 0.883152518715899,
  "hazelnut-spread-contaminant-detection": 0.9594397759103641,
  "seismic-bumps": 0.715223316090995,
  "splice": 0.9018167518313932,
  "Bioresponse": 0.6516365209311267,
  "hiva_agnostic": 0.4299002709385224,
  "students_dropout_and_academic_success": 0.724729904764979,
  "churn": 0.8848616172559834,
  "polish_companies_bankruptcy": 0.8772218307102028,
  "taiwanese_bankruptcy_prediction": 0.9194982340762392,
  "NATICUSdroid": 0.9633776352760683,
  "coil2000_insurance_policies": 0.6904822014642766,
  "Bank_Customer_Churn": 0.760338460785992,
  "heloc": 0.7217455597263523,
  "jm1": 0.5895488551348901,
  "E-CommereShippingData": 0.6763381028086911,
  "online_shoppers_intention": 0.8634423098528254,
  "in_vehicle_coupon_recommendation": 0.6237588130408467,
  "HR_Analytics_Job_Change_of_Data_Scientists": 0.7710810810810811,
  "credit_card_clients_default": 0.6218757413038322,
  "Amazon_employee_access": 0.5904336249524534,
  "bank-marketing": 0.5831695707236123,
  "kddcup09_appetency": 0.36808367071524967,
  "Diabetes130US": 0.5853206027422055,
  "APSFailure": 0.9459800979308166,
  "SDSS17": 0.9113302781488805,
  "customer_satisfaction_in_airline": 0.95965854996692,
  "GiveMeSomeCredit": 0.7344104860164818
 },
 "maxConf": {
  "blood-transfusion-service-center": 0.7040350877192983,
  "diabetes": 0.8062918340026773,
  "anneal": 0.774257226261959,
  "credit-g": 0.758846153846154,
  "maternal_health_risk": 0.7821080455970265,
  "qsar-biodeg": 0.9203303639052187,
  "website_phishing": 0.8902797439338345,
  "Fitness_Club": 0.7937840290381125,
  "MIC": 0.6940880456586722,
  "Is-this-a-good-customer": 0.7128647214854111,
  "Marketing_Campaign": 0.8976811318360614,
  "hazelnut-spread-contaminant-detection": 0.9605122048819528,
  "seismic-bumps": 0.791868290783692,
  "splice": 0.9380917929971083,
  "Bioresponse": 0.6563466252262933,
  "hiva_agnostic": 0.5713596317188842,
  "students_dropout_and_academic_success": 0.7485072952176326,
  "churn": 0.9250796152204603,
  "polish_companies_bankruptcy": 0.8781614595568084,
  "taiwanese_bankruptcy_prediction": 0.9331384727804165,
  "NATICUSdroid": 0.9727206909034493,
  "coil2000_insurance_policies": 0.7147185054279223,
  "Bank_Customer_Churn": 0.7853806461079454,
  "heloc": 0.7379954175400966,
  "jm1": 0.6710874329328195,
  "E-CommereShippingData": 0.6909611817700052,
  "online_shoppers_intention": 0.8748736097067746,
  "in_vehicle_coupon_recommendation": 0.6877852480738088,